entry,pdb_id,label_chain_id,split,release_date,method,resolution,number_of_chains_in_assembly,screening_decision,passes_standard_filters,forced_split,n_sequence,n_with_coordinate_records,n_usable,records_fraction,usable_fraction,csv_resolved_fraction,coverage_differs_from_stage1,usable_ge_0.90,n_masked_out,n_incomplete_residues,n_modified_masked,n_shadow_masked,modified_residues,n_selenomethionine,longest_internal_gap,n_residues_with_altloc,n_residues_altloc_tie,n_models_in_file,warnings,mean_rsa_1.4,frac_rsa_gt1_1.4,frac_buried_rsa_lt0.2_1.4,mean_rsa_2.5,frac_rsa_gt1_2.5,frac_buried_rsa_lt0.2_2.5,mean_rsa_4,frac_rsa_gt1_4,frac_buried_rsa_lt0.2_4,mean_rsa_6,frac_rsa_gt1_6,frac_buried_rsa_lt0.2_6
1AYD_A,1AYD,A,development,1994-08-31,X-RAY DIFFRACTION,2.2,1,INCLUDE,True,,101,101,101,1.0,1.0,1.0,False,True,9,9,0,0,,0,0,0,0,1,,0.2833,0.0,0.413,0.1987,0.0,0.5326,0.1428,0.0,0.6957,0.1069,0.0,0.7826
1ENI_A,1ENI,A,development,1994-10-15,X-RAY DIFFRACTION,2.2,1,INCLUDE,True,,138,137,137,0.99275,0.99275,0.99275,False,True,1,0,0,0,,0,0,0,0,1,,0.309,0.0073,0.3504,0.2128,0.0,0.5839,0.1525,0.0,0.6642,0.1112,0.0,0.7664
1GCS_A,1GCS,A,development,1994-04-30,X-RAY DIFFRACTION,2.0,1,INCLUDE,True,,174,174,174,1.0,1.0,1.0,False,True,0,0,0,0,,0,0,0,0,1,,0.2513,0.0,0.4368,0.1674,0.0,0.5977,0.1176,0.0,0.7414,0.0856,0.0,0.8621
1JN3_A,1JN3,A,validation,2001-08-03,X-RAY DIFFRACTION,2.35,1,INCLUDE,True,,251,242,242,0.96414,0.96414,0.96414,False,True,9,0,0,0,,0,3,0,0,1,,0.2782,0.0,0.4339,0.1848,0.0,0.6281,0.1297,0.0,0.7521,0.0927,0.0,0.814
1KN3_A,1KN3,A,development,2002-06-12,X-RAY DIFFRACTION,1.8,1,INCLUDE,True,,183,180,180,0.98361,0.98361,0.98361,False,True,7,4,0,0,,0,0,2,2,1,,0.2533,0.0,0.5,0.1673,0.0,0.6591,0.117,0.0,0.7386,0.0846,0.0,0.8068
1L66_A,1L66,A,development,1991-10-15,X-RAY DIFFRACTION,1.7,1,INCLUDE,True,,164,162,162,0.9878,0.9878,0.9878,False,True,2,0,0,0,,0,0,0,0,1,,0.2705,0.0,0.4259,0.1816,0.0,0.5988,0.1272,0.0,0.7037,0.0924,0.0,0.8148
1LBU_A,1LBU,A,development,1996-11-08,X-RAY DIFFRACTION,1.8,1,INCLUDE,True,,213,213,213,1.0,1.0,1.0,False,True,1,1,0,0,,0,0,1,0,1,,0.2536,0.0,0.4811,0.1697,0.0,0.6509,0.1163,0.0,0.7642,0.0836,0.0,0.8302
1PTF_A,1PTF,A,validation,1994-01-31,X-RAY DIFFRACTION,1.6,1,INCLUDE,True,,88,87,87,0.98864,0.98864,0.98864,False,True,2,1,0,0,,0,0,0,0,1,,0.2902,0.0,0.4302,0.2044,0.0,0.5465,0.1506,0.0,0.6395,0.1153,0.0,0.7558
1RDD_A,1RDD,A,development,1993-10-31,X-RAY DIFFRACTION,2.8,1,INCLUDE,True,,155,155,155,1.0,1.0,1.0,False,True,0,0,0,0,,0,0,0,0,1,,0.2812,0.0,0.4323,0.1877,0.0,0.5742,0.132,0.0,0.7226,0.0962,0.0,0.8
1WHP_A,1WHP,A,development,1997-07-07,X-RAY DIFFRACTION,3.0,1,INCLUDE,True,,96,94,94,0.97917,0.97917,0.97917,False,True,2,0,0,0,,0,0,0,0,1,,0.311,0.0106,0.4149,0.2202,0.0,0.5319,0.1599,0.0,0.6702,0.1208,0.0,0.7553
1WNH_A,1WNH,A,development,2005-02-15,X-RAY DIFFRACTION,1.83,1,INCLUDE,True,,225,220,220,0.97778,0.97778,0.97778,False,True,10,5,0,0,,0,0,16,12,1,,0.2679,0.0,0.4791,0.174,0.0,0.6419,0.1194,0.0,0.7674,0.0844,0.0,0.8372
1XVO_A,1XVO,A,development,2005-07-26,X-RAY DIFFRACTION,0.84,1,INCLUDE,True,,224,224,224,1.0,1.0,1.0,False,True,0,0,0,0,,0,0,15,10,1,,0.2463,0.0,0.4732,0.1602,0.0,0.6429,0.1125,0.0,0.7589,0.0815,0.0,0.808
2A4V_A,2A4V,A,validation,2006-03-14,X-RAY DIFFRACTION,1.8,1,INCLUDE,True,,159,156,156,0.98113,0.98113,0.98113,False,True,3,0,0,0,,0,0,0,0,1,,0.256,0.0,0.4872,0.1765,0.0,0.609,0.1254,0.0,0.7372,0.0921,0.0,0.8205
2ANP_A,2ANP,A,development,2005-10-04,X-RAY DIFFRACTION,1.9,1,INCLUDE,True,,291,291,291,1.0,1.0,1.0,False,True,0,0,0,0,,0,0,0,0,1,,0.2081,0.0034,0.5773,0.1369,0.0,0.6735,0.0948,0.0,0.7938,0.0681,0.0,0.8763
2BE4_A,2BE4,A,development,2005-11-01,X-RAY DIFFRACTION,2.1,1,INCLUDE,True,,272,270,270,0.99265,0.99265,0.99265,False,True,2,0,0,0,,10,0,1,0,1,,0.2894,0.0037,0.4296,0.1886,0.0,0.6185,0.1259,0.0,0.737,0.0874,0.0,0.8148
2H36_A,2H36,A,development,2007-06-05,X-RAY DIFFRACTION,2.95,1,INCLUDE,True,,112,108,108,0.96429,0.96429,0.96429,False,True,4,0,0,0,,0,0,0,0,1,,0.3756,0.0,0.287,0.2697,0.0,0.4537,0.1993,0.0,0.537,0.1495,0.0,0.6481
2ID7_A,2ID7,A,development,2007-09-25,X-RAY DIFFRACTION,1.75,1,INCLUDE,True,,128,128,128,1.0,1.0,1.0,False,True,6,0,1,5,56:CYQ(parent CYS),0,0,6,6,1,masked non-standard/mismatching residue(s): 56:CYQ(parent CYS),0.2781,0.0,0.4426,0.19,0.0,0.5738,0.1375,0.0,0.7131,0.1033,0.0,0.7705
2NVH_A,2NVH,A,validation,2006-12-12,X-RAY DIFFRACTION,1.53,1,INCLUDE,True,,153,152,152,0.99346,0.99346,0.99346,False,True,1,0,0,0,,0,0,6,2,1,,0.2888,0.0066,0.4474,0.1995,0.0,0.5724,0.1412,0.0,0.7303,0.1037,0.0,0.8026
2O6W_A,2O6W,A,development,2007-12-18,X-RAY DIFFRACTION,2.4,1,INCLUDE,True,,150,147,147,0.98,0.98,0.98,False,True,3,0,0,0,,2,3,0,0,1,,0.2688,0.0,0.4082,0.1889,0.0,0.5986,0.1358,0.0,0.7415,0.0992,0.0,0.8435
2XIO_A,2XIO,A,development,2010-07-14,X-RAY DIFFRACTION,1.19,1,INCLUDE,True,,301,293,293,0.97342,0.97342,0.97342,False,True,13,5,0,0,,0,0,23,23,1,,0.2192,0.0035,0.566,0.1438,0.0,0.691,0.0967,0.0,0.7743,0.0673,0.0,0.8368
2YWZ_A,2YWZ,A,development,2007-10-30,X-RAY DIFFRACTION,2.21,1,INCLUDE,True,,111,111,111,1.0,1.0,1.0,False,True,0,0,0,0,,0,0,0,0,1,,0.3082,0.0,0.3874,0.2171,0.0,0.5045,0.1604,0.0,0.6486,0.1213,0.0,0.7928
3DGT_A,3DGT,A,development,2008-09-02,X-RAY DIFFRACTION,1.5,1,INCLUDE,True,,280,278,278,0.99286,0.99286,0.99286,False,True,2,0,0,0,,0,0,0,0,1,,0.2351,0.0,0.5072,0.157,0.0,0.6547,0.108,0.0,0.7842,0.0778,0.0,0.8705
3DLT_A,3DLT,A,validation,2009-06-30,X-RAY DIFFRACTION,1.9,1,INCLUDE,True,,251,239,239,0.95219,0.95219,0.95219,False,True,15,3,0,0,,0,0,0,0,1,,0.226,0.0,0.5381,0.1486,0.0,0.6695,0.1029,0.0,0.7881,0.0735,0.0,0.8517
3LC9_A,3LC9,A,development,2010-11-10,X-RAY DIFFRACTION,2.28,1,INCLUDE,True,,189,173,173,0.91534,0.91534,0.91534,False,True,16,0,0,0,,0,0,0,0,1,,0.2709,0.0,0.422,0.1804,0.0,0.6185,0.1258,0.0,0.7225,0.0917,0.0,0.8035
3RF2_A,3RF2,A,development,2011-11-16,X-RAY DIFFRACTION,2.16,1,INCLUDE,True,,168,165,160,0.98214,0.95238,0.98214,True,True,9,1,0,0,,0,5,0,0,1,5 residue(s) have coordinate records but no usable atoms (occupancy 0): usable coverage 0.9524 vs records 0.9821; Stage 1 resolved_fraction 0.9821 differs from usable-coordinate coverage 0.9524,0.2948,0.0,0.3962,0.2029,0.0,0.6226,0.1429,0.0,0.6918,0.1023,0.0,0.7925
3RNT_A,3RNT,A,development,1989-10-15,X-RAY DIFFRACTION,1.8,1,INCLUDE,True,,104,104,104,1.0,1.0,1.0,False,True,0,0,0,0,,0,0,2,1,1,,0.3152,0.0096,0.3654,0.2194,0.0,0.5385,0.1615,0.0,0.6442,0.1227,0.0,0.75
3T6P_A,3T6P,A,validation,2011-11-02,X-RAY DIFFRACTION,1.897,1,INCLUDE,True,,345,330,330,0.95652,0.95652,0.95652,False,True,15,0,0,0,,0,13,4,0,1,,0.2669,0.0,0.4727,0.1667,0.0,0.6455,0.1113,0.0,0.7515,0.0771,0.0,0.8455
3V68_A,3V68,A,development,2012-04-18,X-RAY DIFFRACTION,1.56,1,INCLUDE,True,,252,248,248,0.98413,0.98413,0.98413,False,True,4,0,0,0,,0,0,3,3,1,,0.2571,0.0,0.5242,0.1698,0.0,0.6411,0.1172,0.0,0.75,0.0823,0.0,0.8387
4BBT_A,4BBT,A,development,2012-11-14,X-RAY DIFFRACTION,1.6,1,INCLUDE,True,,125,125,125,1.0,1.0,1.0,False,True,0,0,0,0,,0,0,0,0,1,,0.2767,0.0,0.464,0.1903,0.0,0.592,0.1367,0.0,0.672,0.1006,0.0,0.768
4DXZ_A,4DXZ,A,validation,2012-06-20,X-RAY DIFFRACTION,1.25,1,INCLUDE,True,,111,111,111,1.0,1.0,1.0,False,True,0,0,0,0,,2,0,17,0,1,,0.3149,0.0,0.3874,0.2162,0.0,0.5856,0.1561,0.0,0.6757,0.1155,0.0,0.7748
4H4J_A,4H4J,A,development,2012-10-17,X-RAY DIFFRACTION,1.15,1,INCLUDE,True,,240,237,237,0.9875,0.9875,0.9875,False,True,4,1,0,0,,7,3,53,21,1,,0.2604,0.0,0.4788,0.1675,0.0,0.6653,0.1133,0.0,0.7542,0.0789,0.0,0.8305
4TZF_A,4TZF,A,development,2015-07-29,X-RAY DIFFRACTION,1.22,1,INCLUDE,True,,231,229,229,0.99134,0.99134,0.99134,False,True,5,3,0,0,,0,0,8,1,1,,0.2367,0.0,0.531,0.1579,0.0,0.6903,0.1087,0.0,0.7832,0.0777,0.0,0.8407
5BOI_A,5BOI,A,validation,2015-08-12,X-RAY DIFFRACTION,1.8,1,INCLUDE,True,,246,226,226,0.9187,0.9187,0.9187,False,True,22,2,0,0,,0,0,3,0,1,,0.3005,0.0089,0.4196,0.1955,0.0,0.5893,0.1314,0.0,0.7232,0.0923,0.0,0.8259
5JJO_A,5JJO,A,validation,2016-08-31,X-RAY DIFFRACTION,2.002,1,INCLUDE,True,,273,260,260,0.95238,0.95238,0.95238,False,True,13,0,0,0,,0,5,0,0,1,,0.2742,0.0,0.4462,0.1813,0.0,0.6115,0.1238,0.0,0.7308,0.0856,0.0,0.8231
5R55_A,5R55,A,development,2020-07-01,X-RAY DIFFRACTION,1.48,1,INCLUDE,True,,304,291,291,0.95724,0.95724,0.95724,False,True,18,5,0,0,,0,11,7,6,1,,0.2728,0.0,0.451,0.1747,0.0,0.6469,0.1164,0.0,0.7622,0.0794,0.0,0.8566
5ROQ_A,5ROQ,A,development,2021-05-26,X-RAY DIFFRACTION,1.02,1,INCLUDE,True,,279,279,279,1.0,1.0,1.0,False,True,3,3,0,0,,0,0,18,0,1,,0.206,0.0,0.5906,0.1363,0.0,0.7174,0.0936,0.0,0.8007,0.0665,0.0,0.8514
6F4C_A,6F4C,A,validation,2018-04-25,X-RAY DIFFRACTION,2.8,1,INCLUDE,True,,363,363,363,1.0,1.0,1.0,False,True,0,0,0,0,,0,0,0,0,1,,0.2103,0.0,0.5592,0.1365,0.0,0.7135,0.0936,0.0,0.8044,0.0662,0.0,0.8788
6MKX_A,6MKX,A,development,2019-08-07,X-RAY DIFFRACTION,2.284,1,INCLUDE,True,,238,238,238,1.0,1.0,1.0,False,True,10,10,0,0,,0,0,6,0,1,,0.2529,0.0,0.5088,0.1667,0.0,0.6447,0.1145,0.0,0.7368,0.0804,0.0,0.8421
6N4W_A,6N4W,A,development,2019-10-02,X-RAY DIFFRACTION,1.4,1,INCLUDE,True,,316,316,316,1.0,1.0,1.0,False,True,0,0,0,0,,0,0,33,0,1,,0.2142,0.0,0.5475,0.1412,0.0,0.6804,0.0975,0.0,0.7911,0.0694,0.0,0.8766
6OZE_A,6OZE,A,development,2019-09-04,X-RAY DIFFRACTION,1.5,1,INCLUDE,True,,246,246,246,1.0,1.0,1.0,False,True,0,0,0,0,,0,0,21,6,1,,0.2467,0.0041,0.5081,0.1639,0.0041,0.6423,0.1134,0.0,0.752,0.0821,0.0,0.8374
6SRL_A,6SRL,A,validation,2020-04-22,X-RAY DIFFRACTION,2.3,1,INCLUDE,True,,207,207,207,1.0,1.0,1.0,False,True,0,0,0,0,,0,0,4,4,1,,0.2494,0.0,0.4783,0.1672,0.0,0.6377,0.1171,0.0,0.744,0.0838,0.0,0.8357
6YZE_A,6YZE,A,validation,2021-02-03,X-RAY DIFFRACTION,2.18,1,INCLUDE,True,,336,328,328,0.97619,0.97619,0.97619,False,True,10,2,0,0,,0,5,2,0,1,,0.2189,0.0,0.5583,0.1419,0.0,0.7147,0.0972,0.0,0.8067,0.069,0.0,0.8558
7DU6_A,7DU6,A,validation,2021-09-29,X-RAY DIFFRACTION,1.6,1,INCLUDE,True,,91,86,86,0.94505,0.94505,0.94505,False,True,5,0,0,0,,0,0,0,0,1,,0.2996,0.0,0.3953,0.2088,0.0,0.4884,0.153,0.0,0.6628,0.1157,0.0,0.7209
7EHF_A,7EHF,A,validation,2021-08-11,X-RAY DIFFRACTION,1.5,1,INCLUDE,True,,217,206,206,0.94931,0.94931,0.94931,False,True,15,4,0,0,,0,11,20,0,1,,0.2681,0.0,0.4653,0.17,0.0,0.6287,0.1165,0.0,0.7574,0.0832,0.0,0.8416
8PAZ_A,8PAZ,A,validation,1997-08-20,X-RAY DIFFRACTION,1.6,1,INCLUDE,True,,123,123,123,1.0,1.0,1.0,False,True,1,1,0,0,,0,0,10,0,1,,0.2767,0.0,0.4836,0.1886,0.0,0.5984,0.1357,0.0,0.7213,0.1012,0.0,0.7951
